<?xml version="1.0" encoding="UTF-8"?>
<beans xmlns="http://www.springframework.org/schema/beans"
	xmlns:context="http://www.springframework.org/schema/context"
	xmlns:tx="http://www.springframework.org/schema/tx"
	xmlns:jpa="http://www.springframework.org/schema/data/jpa"
    xmlns:xsi="http://www.w3.org/2001/XMLSchema-instance"
    xsi:schemaLocation="
        http://www.springframework.org/schema/beans http://www.springframework.org/schema/beans/spring-beans.xsd
        http://www.springframework.org/schema/context http://www.springframework.org/schema/context/spring-context.xsd
        http://www.springframework.org/schema/tx http://www.springframework.org/schema/tx/spring-tx.xsd
        http://www.springframework.org/schema/data/jpa http://www.springframework.org/schema/data/jpa/spring-jpa.xsd">

	<context:component-scan base-package="com.seclore.training.db" />

	<!-- DataSource configuration
		 This one doesn't do any real connection pooling, it will open connection on demand only 
		 This implementation is good for testing purpose -->
	<!-- <bean name="dataSource" class="org.springframework.jdbc.datasource.DriverManagerDataSource">  -->
	<bean id="dataSource" class="org.apache.commons.dbcp2.BasicDataSource" init-method="createDataSource">	
	    <property name="driverClassName" value="com.mysql.cj.jdbc.Driver" />
	    <property name="url" value="jdbc:mysql://localhost:3306/training" />
	    <property name="username" value="root" />
	    <property name="password" value="root" />
	    <property name="initialSize" value="3" />
	</bean>
	
	<!-- To setup a connection pool properly, we need to use third party implementations like:
		1. Apache DBCP
		2. C3P0
		3. Hikari
		...
	 -->
	 
   <bean id="jdbcTemplate" class="org.springframework.jdbc.core.JdbcTemplate">
   		<constructor-arg ref="dataSource" />
   </bean>
	 
<!-- Hibernate/JPA Configuiration
		This bean entry is responsible for creating the EntityManagerFactory & EntityManager
		object for us, which can then be injected in our code using @PersistenceContext annotation
		Also we don't need to configure a separate META-INF/persistence.xml file, since
		the required settings of Hibernate can be done here itself within this bean declaration
	 -->
	<bean id="myEmf" class="org.springframework.orm.jpa.LocalContainerEntityManagerFactoryBean">
	    <property name="dataSource" ref="dataSource" />
	    <property name="packagesToScan" value="com.seclore.training.db" /> <!-- Location of @Entity classes -->
	    <property name="jpaVendorAdapter">
	        <bean class="org.springframework.orm.jpa.vendor.HibernateJpaVendorAdapter" />
	    </property>
	    <property name="jpaProperties">
	        <props>
	            <prop key="hibernate.hbm2ddl.auto">update</prop>
	            <prop key="hibernate.show_sql">true</prop>
	        </props>
	    </property>
	</bean>
	
	<!-- This bean entry is required for ensure transactions are managed correclty in our Hibernate/JPA code
		Then we can use @Transactional in our code to automatically get the same managed -->
	<bean id="transactionManager" class="org.springframework.orm.jpa.JpaTransactionManager">
    	<property name="entityManagerFactory" ref="myEmf" />
	</bean>
	
	<tx:annotation-driven />
	
	<!-- Setting required for enabling support for Spring Data JPA.
		What we are basically doing is telling Spring to scan this package
		and search for any interface which is extending CrudRepository/JpaRepository
		and if found, go and implement the same and keep it ready -->
	<jpa:repositories base-package="com.seclore.training.db" entity-manager-factory-ref="myEmf" />
	
</beans>